module_path,kind,name,in_left,in_right,signature_match,left_hash,right_hash
,enum,CircuitState,false,true,,,ce5024d329dce0d9
,enum,ConfigError,false,true,,,b49e46fa9636af34
,enum,MetricName,false,true,,,f55713bac5bfd389
,struct,OrbitConfig,false,true,,,67f415395bc834e1
,struct,PolygonRing,false,true,,,24f7bcc6d47d0277
,type,RasterBlockSlice2,true,false,,05f85f428621aebc,
,type,RasterBlockSlice3,true,false,,c7688a7c03c5b294,
,trait,Rasterizer,false,true,,,e75fba63805ccc67
,struct,RetryPolicy,false,true,,,692c92a3e8ebf4c3
,struct,Stats,false,true,,,27c043e0c245eab7
,trait,ZonalStats,false,true,,,7ea70b7a71dcc029
,mod,array_ops,true,true,true,9eb051fe3b41b10e,9eb051fe3b41b10e
,mod,async_io,true,true,true,eaf3a2712d3e1e8b,eaf3a2712d3e1e8b
,mod,atomic,false,true,,,bbf3c51707f5193f
,mod,auth,false,true,,,11e1065c1bfcc1ca
,mod,block,false,true,,,9e9565be9aa1162b
,mod,blocks,true,false,,236bf2cc71853864,
,mod,builder,false,true,,,0cc384497372101e
,mod,cache,true,true,true,1e1246728e9c80bb,1e1246728e9c80bb
,mod,client,false,true,,,29332ef05c841557
,mod,cloud_mask,true,true,true,0482b0bfd05d7564,0482b0bfd05d7564
,mod,composition,false,true,,,c496fd48bfaac4b1
,mod,confidence,false,true,,,9ffa3bbb43b940df
,mod,core_types,true,false,,620e0fc7736bf832,
,mod,data_sources,true,false,,0f3e3e0da1aec1f1,
,mod,dataset,false,true,,,44a7a947c707d8f0
,mod,dsl,false,true,,,32488f75943e3a4b
,mod,engine,false,true,,,79fc6060e43eb491
,mod,error,false,true,,,f90a5330889bb275
,mod,etl,false,true,,,0877b6e5751e67ef
,mod,filters,true,false,,3747de099162d3d1,
,mod,gdal_utils,true,true,true,8ab478df999df661,8ab478df999df661
,mod,graph,false,true,,,efaf3649aa935d1c
,fn,init_logger,true,false,,074935c923044369,
,mod,io,true,false,,3d92097f6be910aa,
,fn,key_for,false,true,,,e346d6f666b55a24
,mod,label,false,true,,,4d903f19588b2c69
,mod,masks,true,false,,dc15c5e7cb0b1dff,
,mod,metadata,true,false,,f4298eab6a9f8dce,
,mod,ml,false,true,,,b7a23bd5b9f8f2ca
,mod,model,false,true,,,0dc5dd13f8c1c0f4
,mod,openeo,false,true,,,2cb398ba56e04cc6
,mod,output,false,true,,,4348c34d3ee6eda7
,mod,parallel_writer,true,false,,c92aa1d21b77e3b6,
,mod,processing,false,true,,,3ef765a1b043d472
,mod,products,true,false,,5fca75ee5a313207,
,mod,provider,false,true,,,a00836fcb892f066
,mod,providers,false,true,,,7b8551d9324d1eba
,mod,query,true,false,,9fef380f75d0fbdb,
,mod,qvf,true,false,,7924b03582eceb8f,
,mod,raster_type,false,true,,,bb9cdc92451c177a
,mod,rasterdataset,true,false,,c25537166324e5e9,
,mod,rasterization,false,true,,,3689a3754752f71a
,mod,reduce,false,true,,,a9ab06bb4d043e99
,mod,sampling,false,true,,,3401a35e4ff2d5f0
,mod,scl,false,true,,,7e25123d676233c4
,mod,selection,true,false,,6073cb7e4145e4d0,
,mod,shape,false,true,,,24c95b24aceafbb6
,mod,source,false,true,,,c75daf3c1c143be7
,mod,spec,false,true,,,2a51eac761efa0fa
,mod,stac,true,true,true,7c1fc23ad6fd638b,7c1fc23ad6fd638b
,mod,stac_helpers,true,true,true,d8a7bd354c4d11be,d8a7bd354c4d11be
,mod,standalone_docs,true,false,,6d6e2e73d9c7f363,
,mod,transform,false,true,,,e18afa4d76df47bd
,mod,types,true,true,true,c12235596261e666,c12235596261e666
,mod,utils,true,false,,4c2871c96f8e686c,
,mod,vsi,false,true,,,720c9ab76988cc9d
,mod,window,false,true,,,a56f28fd05f80a95
,mod,worker,false,true,,,b6386f7723c38af8
,fn,worker,true,false,,da1a927832999525,
,mod,writer,false,true,,,3cb2770762747253
,mod,zonal_stats,false,true,,,12622e3f3e67ab88
array_ops,fn,argmax,true,true,true,2a349353cac2c7e5,2a349353cac2c7e5
array_ops,fn,create_clustered_array,true,false,,0bb64e62bc446389,
array_ops,fn,fill_nodata_simple,true,true,true,bbd2f7b7dc50217d,bbd2f7b7dc50217d
array_ops,fn,rect_view,true,true,false,95b8e862d953b292,d5d1e82247b9708e
array_ops,fn,trimm_array3,true,true,true,f2aff40b1d01f67e,f2aff40b1d01f67e
array_ops,fn,trimm_array3_asymmetric,true,false,,0a5fbff3b98c0bc8,
array_ops,fn,trimm_array4,true,true,false,3edb40c3a89501a0,f9357a56568b00aa
array_ops,fn,trimm_array4_owned,true,false,,f574f140154585d4,
array_ops,fn,write_csv_array,true,false,,5e898758a6b7e252,
async_io,fn,open_async,false,true,,,c1d850892fb3ed56
async_io,fn,read_raster_band_async,true,false,,6ea33bbf658f62ac,
atomic,enum,AtomicError,false,true,,,84b74a595ca70703
atomic,type,Result,false,true,,,7eb3d88b1eee3775
atomic,fn,atomic_replace,false,true,,,2edb7781c1e741ff
atomic,fn,staging_path_for,false,true,,,d5d7947daa238a42
auth,trait,AssetSigner,false,true,,,f57b447aa29cad43
auth,enum,AuthError,false,true,,,ed386a68aaf7d43b
auth,struct,NoopSigner,false,true,,,de12f906428bee31
block,struct,BlockSize,false,true,,,d1533b409f2da1b6
block,struct,RasterBlock,false,true,,,38f1f96be1a8825d
block,struct,RasterBlockId,false,true,,,c45f0b9c1832d274
block,struct,RasterDataBlock,false,true,,,0ba530bbbc175923
block,struct,RasterRegion,false,true,,,2d995eff25d61923
blocks,struct,RasterBlock,true,false,,46e710c4ab18087b,
builder,struct,RasterDatasetBuilder,false,true,,,f1592f327f94b01d
cache,struct,CacheEntry,false,true,,,c3331054630df683
cache,struct,CacheStats,false,true,,,a75eaaede52a93ce
cache,struct,FileCache,false,true,,,18b34e09c846b433
cache,mod,file_cache,true,false,,9e68d50575604797,
cache.file_cache,struct,CacheEntry,true,false,,f28720e935a9c4c0,
cache.file_cache,struct,CacheStats,true,false,,201674edab85f007,
cache.file_cache,struct,FileCache,true,false,,18b34e09c846b433,
client,struct,SearchRequest,false,true,,,32dfe368dd8dcd91
client,trait,StacClient,false,true,,,f82bc7b5d34e6214
cloud_mask,struct,CloudThresholds,false,true,,,124b66409a174667
cloud_mask,enum,QaType,true,true,false,cfdd4b7816b093e7,33c57c1bb9781fca
cloud_mask,fn,apply_mask,true,true,false,8d2f062cbbfd532d,18028adde5744d5b
cloud_mask,fn,classify,false,true,,,d9ec479731f3da42
cloud_mask,fn,decode_qa_mask,true,true,false,04ecdc7d8c2e84b3,9669bfd29f638107
composition,trait,Select,false,true,,,810318e6af02055f
composition,trait,SumDimension,false,true,,,95123bb5a564a756
composition,fn,extend,false,true,,,db5c11590a2d903a
composition,fn,stack,false,true,,,376341e645819738
confidence,enum,MaskConfidence,false,true,,,54af9a88b4de79df
core_types,type,RasterData,true,false,,06f4a34d5df97eb6,
core_types,trait,RasterType,true,false,,e75e693a475fdd1a,
data_sources,struct,DataSource,true,false,,48fd042cef4ae5b6,
data_sources,struct,DataSourceBuilder,true,false,,1bd2fa25e4ac6549,
data_sources,enum,DateType,true,false,,6311e00a6778611e,
dataset,struct,DatasetMetadata,false,true,,,49b9b6f50d823d0e
dataset,struct,LayerMapping,false,true,,,702f1bdcf3789c99
dataset,struct,RasterDataset,false,true,,,87d836b45cf67a6d
dataset,struct,RasterDatasetIter,false,true,,,1bba52a14b2e8fba
dataset,fn,layer_mappings_for_scene,false,true,,,7a8f64e66351ad91
dataset,fn,layer_mappings_for_scenes,false,true,,,003131c5dafe953d
dsl,mod,builder,false,true,,,0cc384497372101e
dsl,mod,collection,false,true,,,c9245fe7a7ceab8d
dsl,mod,exec,false,true,,,a1c5fd07fc9372ff
dsl,mod,filter,false,true,,,75285138c539698f
dsl,mod,intersects,false,true,,,6d1a838a7ae72f0e
dsl,mod,registry,false,true,,,7a19e9fce96d3aeb
dsl.builder,struct,ImageQuery,false,true,,,58f22567fbaca020
dsl.builder,struct,ImageQueryBuilder,false,true,,,dbd82f496aeae04a
dsl.collection,enum,Collection,false,true,,,15bac0610c81fc63
dsl.filter,enum,Cmp,false,true,,,45d40b1c12932d9f
dsl.filter,fn,cloudcover_filter,false,true,,,a9a487a450d5c7ea
dsl.intersects,enum,Intersects,false,true,,,469924b5c5516c10
dsl.registry,fn,canonical_bands,false,true,,,65ac904d4cb429c1
engine,const,DEFAULT_QUERY_TIMEOUT,false,true,,,3dc5046321d68634
engine,struct,Engine,false,true,,,11b3ecc0d2777c6a
engine,enum,Event,false,true,,,ee205736672d95d7
error,enum,Error,false,true,,,abd64e1fa87febf3
error,type,Result,false,true,,,c1fa1c68d112427f
etl,mod,v1,false,true,,,a6112f049f1b3bdd
filters,trait,Filters,true,false,,8790a88cfaef5b20,
filters,type,RasterBlockSlice2,true,false,,05f85f428621aebc,
filters,fn,arrayview2_to_mat,true,false,,b860e63dc3ce2230,
filters,fn,mat_to_array2,true,false,,287da9c1650126f9,
gdal_utils,struct,BasicRasterInfo,true,true,false,4a29a693e6b11799,7db2ae25948bbbca
gdal_utils,fn,compute_raster_union_extent,true,true,false,a7625e2c99020994,fdcb2ba1e3854ec4
gdal_utils,fn,compute_vector_extent,true,true,false,d4456eaca7566516,7a5e7f47a9949d47
gdal_utils,fn,convert_to_cog,false,true,,,34a6e968d28ba019
gdal_utils,fn,create_rayon_pool,true,false,,b4cdafce1bcf568c,
gdal_utils,fn,create_temp_file,true,true,false,5427898a8513aee3,3a407093bcdb7569
gdal_utils,fn,file_stem_str,true,true,true,0633a2fd9d9f20f1,0633a2fd9d9f20f1
gdal_utils,fn,get_class,true,false,,a6d01f44cd024f15,
gdal_utils,fn,mosaic,true,true,false,55570ca62e934562,ff243ca842018094
gdal_utils,fn,mosaic_keep_inputs,true,true,false,036082506537111b,5725cacb01273755
gdal_utils,fn,mosaic_translate_cleanup,true,true,false,1bc25888678af470,bd8c5e2d5b274876
gdal_utils,fn,mosaic_translate_cleanup_time_steps,true,true,false,9b1699af45a05d9f,61113fde48a8bf07
gdal_utils,fn,open_for_update,true,false,,eff4e29d43c6d5a1,
gdal_utils,fn,raster_from_size,true,false,,680f4f2540c42727,
gdal_utils,fn,read_basic_raster_info,true,true,false,a554290c401ac25f,ba96f6321b5d79c9
gdal_utils,fn,read_raster_band,true,false,,34ab2c1cbf8b44cc,
gdal_utils,fn,run_gdal_command,true,false,,dd28f031e37e3bba,
gdal_utils,fn,translate,true,true,false,0efa8dc83b3b5dea,582f8de5efd99076
gdal_utils,fn,translate_to_cog,true,false,,2c05f87576dd3c72,
gdal_utils,fn,translate_with_driver,true,true,false,554d28a97e96944c,501174706beca45a
gdal_utils,fn,warp,false,true,,,068a73c5376cc215
gdal_utils,fn,write_bands_to_file,true,false,,09900e9fd7cd65ca,
graph,struct,Process,false,true,,,81b28d88173cf870
graph,struct,ProcessGraph,false,true,,,4dcee39b872f5e75
graph,struct,ProcessId,false,true,,,9fdb4f008130cf4a
label,const,JOB_ID,false,true,,,b038adeafb009361
label,const,PROVIDER,false,true,,,186b7bfa9f188a8c
label,const,STAGE,false,true,,,013ad9ff633df78f
label,const,STATE,false,true,,,75fbe1161f4604f9
masks,fn,get_s2_cloudless_dea,true,false,,baf55a092a368b14,
metadata,struct,Extent,true,false,,1fc4804e441400e4,
metadata,struct,Layer,true,false,,63e4c1b949b334be,
metadata,struct,RasterDataBlock,true,false,,6352b01c10f871a3,
metadata,struct,RasterMetadata,true,false,,34df015e9223fbf8,
ml,struct,ClassifierModel,false,true,,,fe566bf9339592fc
ml,fn,accuracy,false,true,,,3d0b2c7df6e0d5c4
ml,fn,fit_classifier,false,true,,,dc16eebc267f3f88
ml,fn,predict_classifier,false,true,,,d9cc16ced3446595
model,struct,JobId,false,true,,,cbac7b8348da2db6
model,enum,JobState,false,true,,,2712dd010332abbe
model,struct,JobStatus,false,true,,,0d60d73d2b3b0c35
openeo,struct,Client,false,true,,,d0afffc7f24d0035
openeo,struct,JobInfo,false,true,,,3f418ca82b2142ea
openeo,enum,JobStatus,false,true,,,e23050c9f707d536
openeo,enum,OpenEoAuth,false,true,,,1eb1502b79a2d6c1
openeo,struct,PollConfig,false,true,,,54655f6217934fa7
openeo,fn,submit_and_download,false,true,,,2ddf11584edf8910
output,struct,OutputConfig,false,true,,,4265a8f9847b668a
output,enum,OutputFormat,false,true,,,418cc9c431790464
parallel_writer,struct,ParallelGeoTiffWriter,true,false,,f4f7c296c3b43e21,
parallel_writer,fn,create_output_geotiff,true,false,,d4b008a53da0ea1d,
parallel_writer,fn,write_block,true,false,,d7f9b240f2137b87,
products,mod,registry,true,false,,7a19e9fce96d3aeb,
products,mod,types,true,false,,c12235596261e666,
products.registry,struct,ProductRegistry,true,false,,7e4f6c55064b2395,
products.types,struct,CloudMaskDef,true,false,,d44c634eaff529e6,
products.types,struct,MeasurementDef,true,false,,27b1a895905465f2,
products.types,struct,ProductDef,true,false,,cf7c93bbcb2111c9,
provider,trait,CloudMaskProvider,false,true,,,251bbe910f834c8a
provider,struct,MaskBand,false,true,,,28741c4a11317184
provider,enum,MaskValue,false,true,,,11b869d46f731d62
provider,enum,Provider,false,true,,,b0f77b62866f1811
provider,fn,mask_discriminant,false,true,,,9ee5c8e71d912759
providers,struct,CropWindow,false,true,,,78dd7b0b56aa4f31
providers,struct,Provider,false,true,,,a6dd37236f271537
providers,fn,build_gdal_translate_argv,false,true,,,31340b2fc6ec031e
providers,fn,configure_anonymous_s3,false,true,,,66926bcfe447a0eb
providers,fn,download_via_gdal_translate,false,true,,,dd7a3d37457db1b5
providers,fn,parse_signed_response,false,true,,,6d825df3fbf2c777
providers,fn,planetary_computer_sign_endpoint,false,true,,,0a9fc2fa71d54e5d
providers,fn,sign_planetary_computer_url,false,true,,,4bcc69fe1d430b08
query,struct,DbConnection,true,false,,9068fbc3082e8bcd,
query,enum,FilesLocation,true,false,,1e33f3aff250db49,
query,trait,From,true,false,,1836f036f5f08792,
query,struct,ImageQuery,true,false,,67babb6d4d9a9737,
query,struct,ImageQueryBuilder,true,false,,3a6bbc01d51bf4b7,
query,struct,QueryResult,true,false,,f2f261c29f38568c,
qvf,enum,Collection,true,false,,a427e392a8b62495,
qvf,enum,Extension,true,false,,b00dddb850bcd356,
qvf,enum,ImageType,true,false,,1d58112a626650f0,
qvf,enum,Instrument,true,false,,e858a1b70285d6bc,
qvf,enum,Product,true,false,,de489ee931d830cd,
qvf,enum,QvfDate,true,false,,6a3e1ac7356834aa,
qvf,struct,QvfDateRange,true,false,,2d4c96c70b1948b8,
qvf,enum,QvfFields,true,false,,99e6ce8f0c642f62,
qvf,struct,QvfFilename,true,false,,4eb2e7be5dc334b5,
qvf,struct,QvfFilenames,true,false,,e8cadfdb4c201742,
qvf,struct,QvfFilenamesBuilder,true,false,,9823d32212e3123a,
qvf,enum,Satellite,true,false,,f267c7b5d21e0c75,
qvf,fn,gdal_to_stac_item,true,false,,48ac7993d1ec34bc,
raster_type,trait,RasterType,false,true,,,e75e693a475fdd1a
rasterdataset,struct,RasterDataset,true,false,,2cf073748bd46e78,
rasterdataset,mod,builder,true,false,,0cc384497372101e,
rasterdataset,mod,composition,true,false,,c496fd48bfaac4b1,
rasterdataset,mod,impl_methods,true,false,,cb020d514e0c16c0,
rasterdataset,mod,io,true,false,,3d92097f6be910aa,
rasterdataset,mod,ml,true,false,,b7a23bd5b9f8f2ca,
rasterdataset,mod,processing,true,false,,3ef765a1b043d472,
rasterdataset,mod,rasterization,true,false,,3689a3754752f71a,
rasterdataset,mod,sampling,true,false,,3401a35e4ff2d5f0,
rasterdataset,mod,zonal_stats,true,false,,12622e3f3e67ab88,
rasterdataset.builder,struct,RasterDatasetBuilder,true,false,,a15b9cd0af9e4b78,
rasterdataset.composition,struct,RasterDatasetIter,true,false,,adfa2e2e6e240301,
rasterdataset.zonal_stats,fn,save_zonal_histograms,true,false,,189c2f56b89cf94e,
rasterization,fn,rasterize,false,true,,,d5bb362460010a93
reduce,enum,ReduceKind,false,true,,,ea0244669f80b32c
reduce,trait,ReductionWorker,false,true,,,410ff675eb172812
sampling,fn,block_id_rowcol,false,true,,,80e194b96af9375f
sampling,fn,extract_blockwise,false,true,,,0be3e8b9725d546c
sampling,fn,geoms_to_global_indices,false,true,,,9bcefa36b49895ac
sampling,fn,get_class,false,true,,,f7b8707a0160eb93
sampling,fn,sample,false,true,,,c7dee2875569bf1d
sampling,fn,sample_at_point,false,true,,,4b435bf17985b032
scl,enum,ScenSceneClass,false,true,,,1237d17c95d0e860
selection,trait,RasterBlockTrait,true,false,,574b3af7a6f52292,
selection,trait,Select,true,false,,4ea1b22753c6a077,
selection,enum,SelectError,true,false,,eb0b9a0adceb5c84,
selection,trait,Stack,true,false,,fcec22a8bdf57bcf,
selection,trait,SumDimension,true,false,,4d164f56a61a9cf9,
selection,trait,VarDimension,true,false,,bc46326eb9aed1b6,
shape,enum,Dimension,false,true,,,b31cb02297c85b91
shape,struct,RasterShape,false,true,,,30a7919f3f9d797e
source,enum,DataSource,false,true,,,b3d918f1663aab81
source,struct,DataSourceBuilder,false,true,,,446c4548110c5a76
spec,enum,FileFormat,false,true,,,d88f029fe95d38fb
spec,struct,FileSource,false,true,,,60ad3d4cdfbdd9b0
spec,struct,PipelineSpec,false,true,,,3fc5f050d1a63c08
spec,fn,validate_path_under_root,false,true,,,227a3d0cb48e9b45
spec,fn,validate_sql_identifier,false,true,,,288d0c26cc66dea2
stac,struct,DownloadOpts,false,true,,,2fb599f1ee8e2633
stac,struct,StacClient,false,true,,,e803c27580f52519
stac,fn,download_items,false,true,,,5e0c4822cd1d499f
stac,fn,filter_assets_by_key,true,false,,314db9c9faf3c9d3,
stac,fn,filter_items,true,false,,fb4a2ecdd536a20e,
stac,fn,filter_tile,true,false,,95ca176e42bac0c1,
stac,fn,filter_tile_pc,true,false,,438638b937e24410,
stac,fn,read,false,true,,,ac411af880eb05e2
stac,fn,validate,false,true,,,810e06dde7d6d3eb
stac,fn,write,false,true,,,a49916c6ddf8df3f
stac_helpers,fn,filter_items_by_tile,false,true,,,ba89eeec9ee034c3
stac_helpers,fn,get_asset_href,true,true,false,34c47fe42dd7a1af,758d4a466467b55e
stac_helpers,fn,get_asset_names,true,true,false,4aca8b7a609e3168,c96f73aa947bc49f
stac_helpers,fn,get_items_for_date,true,true,false,5487f529cc10018e,f8b059644ec79849
stac_helpers,fn,get_sorted_datetimes,true,true,false,d2a9538ac30f41ec,e65a6bad0c7b5b2e
stac_helpers,fn,get_sources_for_asset,true,true,false,cc105176e24c8abe,f6a40f462c41e4b3
stac_helpers,fn,swap_coordinates,true,true,false,33c5e9a942e076b7,0980894e923f5e25
stac_helpers,fn,unique_datetimes_in_range,true,true,false,fc04f1f58fcfa12a,ac533892becefe3d
standalone_docs,mod,install,true,false,,289bc2c2c184c09a,
transform,struct,GeoTransform,false,true,,,fc83e811b1df0447
transform,struct,ImageResolution,false,true,,,46b53d0bb6dc099e
types,struct,BlockSize,true,false,,d1533b409f2da1b6,
types,enum,CoordType,true,false,,cd7b9af47d04c0ce,
types,struct,Coordinates,true,false,,cb4f6ad515a14a3c,
types,enum,Dimension,true,false,,b31cb02297c85b91,
types,struct,GeoTransform,true,false,,8a7585960059165e,
types,struct,ImageResolution,true,false,,46b53d0bb6dc099e,
types,struct,ImageSize,true,false,,5149b376c320c011,
types,struct,Index2d,true,false,,aaf1fcf9373de034,
types,struct,Offset,true,false,,56e4210e828cf7ff,
types,struct,OutputConfig,true,false,,fca6aa22029a7c8f,
types,enum,OutputFormat,true,false,,c5245f256b911312,
types,struct,Overlap,true,false,,92888c23d0a0fa3c,
types,struct,RasterDataShape,true,false,,0941e8e1b1daa993,
types,struct,ReadWindow,true,false,,21afa140193a242a,
types,struct,Rectangle,true,false,,3afd1cd012d366f2,
types,enum,SamplingMethod,true,false,,6878cd4ebed2a6af,
types,struct,Size,true,false,,f08c4a0f6f814e85,
utils,struct,Bbox,true,false,,3c1fb640fe205683,
utils,enum,Cmp,true,false,,d4924cb4e873f346,
utils,struct,ImageryProvider,true,false,,f1173a517a5398c2,
utils,enum,ImageryProviderType,true,false,,b2b91da81033be8e,
utils,enum,ImagerySource,true,false,,c18534df5f9edb97,
utils,enum,ImagerySourceClap,true,false,,68b34dd5a33f4114,
utils,enum,Intersects,true,false,,e0a289983f97924f,
utils,fn,bbox_from_polygon,true,false,,7dfb6c7a0c961f30,
utils,fn,run_gdal_command,true,false,,dd28f031e37e3bba,
vsi,fn,vsi_rewrite,false,true,,,39fafc2961b67f12
window,struct,Offset,false,true,,,56e4210e828cf7ff
window,struct,Overlap,false,true,,,9db3881c1cfa153a
window,struct,ReadWindow,false,true,,,21afa140193a242a
window,struct,Size,false,true,,,f08c4a0f6f814e85
worker,trait,BlockWorker,false,true,,,d9c7af2b0b01c514
worker,enum,KernelError,false,true,,,71246f379cc91b0c
worker,type,Result,false,true,,,0f182dab979ede4b
writer,trait,BlockWriter,false,true,,,c6eff234683b2abb
writer,struct,ParallelGeoTiffWriter,false,true,,,b66bc6bf41563aae
zonal_stats,fn,zonal_histogram,false,true,,,6596309aae0d6e22
